dataset,attack,method,alpha,n_seeds,acc_mean,acc_se,dp_mean,dp_se,if_mean,if_se
adult,combined,dro,0.0,3,0.8166574534733738,0.0009301219431821519,0.1686163047949473,0.006761821119405379,0.04061906879732712,0.0008436812942008492
adult,combined,dro,0.1,3,0.8225170444075917,0.0011153673079359787,0.2113646318515142,0.004396644141167558,0.03162302238696705,0.0022612130307536186
adult,combined,dro,0.2,3,0.7376451077943615,0.004328750016683681,0.4826783339182536,0.008343702830380946,0.027476662618068217,0.004529865578064076
adult,combined,dro,0.3,3,0.6847245255205454,0.0030813414434028926,0.5530496835708618,0.0016636258055281769,0.022886046475141475,0.002802121532459023
adult,combined,dro,0.4,3,0.6814814814814815,0.0028237498071849235,0.1849359174569448,0.0032752750415029875,6.09622914830123e-11,1.6503732641384997e-11
adult,combined,naive,0.0,3,0.8147779620416437,0.001375452928433482,0.15693489710489908,0.0066134717895740954,0.03699341572210413,0.0017820715650548563
adult,combined,naive,0.1,3,0.8202690252441496,0.0022696641371163467,0.1672334522008896,0.0025305705760846455,0.02847991404045395,0.001663463470934109
adult,combined,naive,0.2,3,0.7628892574166205,0.004883931057683946,0.2531617184480031,0.01131974269033017,0.032308016502790075,0.0007145109518728703
adult,combined,naive,0.3,3,0.6896259443523126,0.001400405380504855,0.4435892403125763,0.024810352699337835,0.039063320947642345,0.009467795327467613
adult,combined,naive,0.4,3,0.6667772249861802,0.0018400571561186596,0.2134386400381724,0.003622598300344712,1.043498683042553e-10,3.98205535447604e-11
adult,dp,dro,0.0,3,0.8166574534733738,0.0009301219431821519,0.1686163047949473,0.006761821119405379,0.04061906879732712,0.0008436812942008492
adult,dp,dro,0.1,3,0.8199742030587802,0.001942738950152544,0.20326147973537445,0.01248987091983147,0.030906158167742438,0.0034522163352787984
adult,dp,dro,0.2,3,0.7485903814262024,0.0021523407776596736,0.5034253398577372,0.012502069978204284,0.017282285339520215,0.003033429583051142
adult,dp,dro,0.3,3,0.6752902155887232,0.004868333633234727,0.562275250752767,0.010000643150827177,0.020110282385015086,0.004965277394032934
adult,dp,dro,0.4,3,0.5579878385848535,0.003373387794890511,0.28346607089042664,0.004140116996439589,7.908621597796191e-11,2.3086419297998946e-11
adult,dp,naive,0.0,3,0.8147779620416437,0.001375452928433482,0.15693489710489908,0.0066134717895740954,0.03699341572245034,0.0017820715651965231
adult,dp,naive,0.1,3,0.8179473005343653,0.0025213869147738682,0.18005824585755667,0.01150984950612874,0.03154099195620137,0.003270226146201189
adult,dp,naive,0.2,3,0.773760825502119,0.0075550881497177536,0.3272002041339874,0.026060959877616825,0.027689393782417776,0.0013227025288035917
adult,dp,naive,0.3,3,0.6630919476690621,0.005047215676326424,0.5313073992729187,0.013182464386232651,0.025981606625916864,0.0043626136115872205
adult,dp,naive,0.4,3,0.5469320066334992,0.0024356309772409295,0.31010715166727704,0.004701837518511075,1.7959161544995516e-10,1.4354563253405013e-10
adult,if,dro,0.0,3,0.8166574534733738,0.0009301219431821519,0.1686163047949473,0.006761821119405379,0.04061906879732712,0.0008436812942008492
adult,if,dro,0.1,3,0.815257048092869,0.001859878810531839,0.14644273618857065,0.00738287495015316,0.025179824414647053,0.0012120487524308885
adult,if,dro,0.2,3,0.7866961488852037,0.004090325801561303,0.08418881893157959,0.00379137846084454,0.020319034038114657,0.0013269161205153744
adult,if,dro,0.3,3,0.7293163810576746,0.007613376225805484,0.033725254237651825,0.017139431281230147,0.026500346824897547,0.0007410884425000843
adult,if,dro,0.4,3,0.6566427123641054,0.004164852535717447,0.0055395762125651045,0.0017498107904456656,1.0984196663605821e-10,5.923324168155826e-11
adult,if,naive,0.0,3,0.8147779620416437,0.001375452928433482,0.15693489710489908,0.0066134717895740954,0.036993415771653326,0.0017820715846020116
adult,if,naive,0.1,3,0.8132669983416253,0.001880575024458914,0.12607723971207938,0.005362207664704136,0.024753504770101322,0.0006051412842431757
adult,if,naive,0.2,3,0.7812050856826976,0.005584016052702868,0.09018793950478236,0.004068576027848528,0.025411016534543876,0.0005838062279723647
adult,if,naive,0.3,3,0.705398931269578,0.009465568608752929,0.03760106861591339,0.009446005419138714,0.02897717931787891,0.0027550358785601663
adult,if,naive,0.4,3,0.634789017873595,0.0031201047338885804,0.007095595200856526,0.0032342008928192803,1.1533406496786112e-10,4.0937321424695646e-11
credit,combined,dro,0.0,3,0.8051666666666667,0.002315407331574971,0.013075475891431173,0.005474167636388948,0.00030202367158955806,0.00018375893155266052
credit,combined,dro,0.1,3,0.8036666666666665,0.0004811252243246993,0.014840981612602869,0.005225551049668906,0.0003881566777763327,5.8894187635527737e-05
credit,combined,dro,0.2,3,0.7798333333333334,0.002849626356273822,0.02039069930712382,0.0032138907976391544,0.0009588623284706605,0.00033567543784557665
credit,combined,dro,0.3,3,0.761,0.0065919423316427505,0.02219447245200475,0.005317518444534315,0.0026282407801465958,0.00047514369168949813
credit,combined,dro,0.4,3,0.7400000000000001,0.002795499027868707,0.012557923793792725,0.0006885874435039394,0.0,0.0
credit,combined,naive,0.0,3,0.8035555555555556,0.0027910792637956734,0.013040624558925629,0.0051759098776355305,0.000236109399201116,0.00014240201589122632
credit,combined,naive,0.1,3,0.8025555555555556,0.0010815512407740021,0.014109080036481222,0.005517828404330296,0.000251216438354434,8.221299394347674e-05
credit,combined,naive,0.2,3,0.7821666666666666,0.001417483424685902,0.02235659956932068,0.004184562999520403,0.0011230287834590295,0.0004127476713008973
credit,combined,naive,0.3,3,0.7703888888888889,0.00048432210483786303,0.034163981676101685,0.0026026746015162935,0.0029609440336643045,0.0008909507084942231
credit,combined,naive,0.4,3,0.7477777777777778,0.0013619611857923432,0.016876230637232464,0.0007809505936738635,0.0,0.0
credit,dp,dro,0.0,3,0.8051666666666667,0.002315407331574971,0.013075475891431173,0.005474167636388948,0.00030202367158955806,0.00018375893155266052
credit,dp,dro,0.1,3,0.8101666666666666,0.00091792842454768,0.01915404200553894,0.005372602110163845,0.0011201434215251096,0.0005548285479552798
credit,dp,dro,0.2,3,0.7869444444444444,0.0016225646518344755,0.03286789357662201,0.0015050748754890824,0.002014535876758364,0.00032089396761396594
credit,dp,dro,0.3,3,0.763,0.0029829763908130772,0.037877668937047325,0.0012211887298788345,0.0056564080807670995,0.000602415057499544
credit,dp,dro,0.4,3,0.7581111111111111,0.0020419973277210073,0.014568060636520386,0.004011012580163671,0.0,0.0
credit,dp,naive,0.0,3,0.8035555555555556,0.0027910792637956734,0.013040624558925629,0.0051759098776355305,0.00023610942570497515,0.00014240200561531564
credit,dp,naive,0.1,3,0.8105000000000001,0.00041943524640394316,0.019818422695000965,0.006795068526652557,0.0009360756398746405,0.00040177311781202903
credit,dp,naive,0.2,3,0.7876666666666666,0.001512295287646239,0.031852662563323975,0.0017799816347564463,0.0031532930645539136,0.00044486101424952117
credit,dp,naive,0.3,3,0.7625000000000001,0.0045102763321765976,0.037639533480008446,0.0014811803258602818,0.004877439339547669,0.0009154100580480427
credit,dp,naive,0.4,3,0.7583333333333333,0.0017664570106205278,0.01657833655675252,0.004508186661665652,0.0,0.0
credit,if,dro,0.0,3,0.8051666666666667,0.002315407331574971,0.013075475891431173,0.005474167636388948,0.00030202367158955806,0.00018375893155266052
credit,if,dro,0.1,3,0.8036111111111112,0.0007286042804779933,0.013618128995100657,0.0062044160912291734,0.00033456076646987473,5.319387216579192e-05
credit,if,dro,0.2,3,0.7736666666666666,0.0025513250007122078,0.012253060936927795,0.004825644829762642,0.001170147125509009,7.630667003377315e-05
credit,if,dro,0.3,3,0.7536666666666667,0.0019220937657784504,0.010141275823116302,0.0045300897396805965,0.002348019009533886,0.0004615464739415493
credit,if,dro,0.4,3,0.7312222222222222,0.0030342692898714043,0.0020275314648946128,0.0003941750387875835,0.0,0.0
credit,if,naive,0.0,3,0.8035555555555556,0.0027910792637956734,0.013040624558925629,0.0051759098776355305,0.000236109399201116,0.00014240201589122632
credit,if,naive,0.1,3,0.8026666666666666,0.0010715167512214193,0.013126425445079803,0.005767217598008907,0.0005105821061904956,6.772073805171377e-05
credit,if,naive,0.2,3,0.7729444444444443,0.0018164203026968641,0.01246650516986847,0.004357306177839239,0.0008017015746598332,5.1236688241829916e-05
credit,if,naive,0.3,3,0.7515000000000001,0.0010046189622236025,0.010595517853895823,0.001529790819608864,0.002342853473061078,0.00018400803232988645
credit,if,naive,0.4,3,0.7280000000000001,0.0015396007178389928,0.0035310983657836914,0.0012852375822341605,0.0,0.0
lsac,combined,dro,0.0,3,0.9022020147989659,0.0004963684017857064,0.04473427931467692,0.03428202518804234,1.3124978021606681e-05,1.3124978021606683e-05
lsac,combined,dro,0.1,3,0.9025586163858429,0.0007297274468995639,0.08287036418914795,0.07909802570151386,0.000328457043276843,0.00032845704327684304
lsac,combined,dro,0.2,3,0.9038067219399126,0.002276392143140542,0.18652466932932535,0.09984545955739121,0.001689478503858313,0.0014720063846349668
lsac,combined,dro,0.3,3,0.873049835071766,0.00903063156077204,0.49147605895996094,0.02191291228332902,0.025937459398546817,0.00423942609798796
lsac,combined,dro,0.4,3,0.8383703307479718,0.012972837845105887,0.2182416021823883,0.01096425666927105,0.0,0.0
lsac,combined,naive,0.0,3,0.9013105108317733,0.000267451190157771,0.007171789805094401,0.0071717898050944005,0.0,0.0
lsac,combined,naive,0.1,3,0.9021128644022466,0.0009643089797977852,0.09803108374277751,0.051116956893463295,0.00048136124175853943,0.0002554322318464147
lsac,combined,naive,0.2,3,0.9011322100383348,0.0020562650610093172,0.2834537823994954,0.05878718524240105,0.004640185289989392,0.0026860140001595187
lsac,combined,naive,0.3,3,0.8817865739502541,0.008790699268310376,0.5015842914581299,0.030806021511681613,0.01963519241278165,0.004902051252569673
lsac,combined,naive,0.4,3,0.8323081037710618,0.012885856443009495,0.24376525481541952,0.010341454821038303,0.0,0.0
lsac,dp,dro,0.0,3,0.9022020147989659,0.0004963684017857064,0.04473427931467692,0.03428202518804234,1.3124978021606681e-05,1.3124978021606683e-05
lsac,dp,dro,0.1,3,0.905233128287421,0.0010510676760766189,0.21100066105524698,0.03994519773598146,0.0013957274457745722,0.00039722912973273207
lsac,dp,dro,0.2,3,0.9028260675760006,0.0007771951401516763,0.13594436645507812,0.05698819985627775,0.0008611261117713235,0.0004869521326544994
lsac,dp,dro,0.3,3,0.9028260675760006,0.00047173955800383557,0.13208172718683878,0.054994626339731206,0.0007797319547359363,0.00042726582975236184
lsac,dp,dro,0.4,3,0.9022020147989659,0.00023586977900193527,0.21327807505925497,0.018996259977192235,0.0,0.0
lsac,dp,naive,0.0,3,0.9013105108317733,0.000267451190157771,0.007171789805094401,0.0071717898050944005,0.0,0.0
lsac,dp,naive,0.1,3,0.9026477667825622,0.0006730707350691515,0.1102634072303772,0.05245091826124132,0.000813991682895693,0.0005355073754988716
lsac,dp,naive,0.2,3,0.9014888116252117,0.00023586977900193527,0.030500133832295735,0.027403683776407672,6.759459749855944e-06,6.759459749855945e-06
lsac,dp,naive,0.3,3,0.9014888116252117,0.00023586977900193527,0.030500133832295735,0.027403683776407672,6.759459749855944e-06,6.759459749855945e-06
lsac,dp,naive,0.4,3,0.9015779620219311,0.00015441301663269628,0.1689667503039042,0.0190811183690475,0.0,0.0
lsac,if,dro,0.0,3,0.9022020147989659,0.0004963684017857064,0.04473427931467692,0.03428202518804234,1.3124978021606681e-05,1.3124978021606683e-05
lsac,if,dro,0.1,3,0.901577962021931,0.0,0.0,0.0,0.0,0.0
lsac,if,dro,0.2,3,0.8984576981367566,0.002481842008928436,0.06887094179789226,0.06632606869197719,0.00269972595422662,0.002699725954226621
lsac,if,dro,0.3,3,0.8672550592850138,0.009146066028654375,0.19296894470850626,0.02994163247096494,0.02644067571491888,0.006530739671419565
lsac,if,dro,0.4,3,0.8255326736203976,0.015060085509484027,0.06704469521840413,0.009705333423886745,0.0,0.0
lsac,if,naive,0.0,3,0.9013105108317733,0.000267451190157771,0.007171789805094401,0.0071717898050944005,0.0,0.0
lsac,if,naive,0.1,3,0.9016671124186502,8.915039671926936e-05,0.012035826841990152,0.012035826841990154,0.0,0.0
lsac,if,naive,0.2,3,0.8970312917892485,0.002285103970397833,0.05412578582763672,0.052304825154462865,0.003398821247094359,0.0028503658808142892
lsac,if,naive,0.3,3,0.8767050013372559,0.009198921381075049,0.10055031379063924,0.04846362310369133,0.016557449397964195,0.007096956272895181
lsac,if,naive,0.4,3,0.8173308371222251,0.01316863320921657,0.061154703299204506,0.00984530499009757,0.0,0.0
